sr. no.,username,user id,name,group,Status
1,L_O_V_E_Y_O_U_Z_I_N_D_G_I,1911522759,ğ“„‚â™¡DRAMA QUEENâ™¡â™¡à¿,@frinds_clube,1
2,Zahebjdkej,1901301706,à¼’ï¸âœï¸ğŸ…¢ï¸ğŸ…˜ï¸ğŸ…›ï¸ğŸ…”ï¸ğŸ…ï¸ğŸ…£ï¸ ğŸ…‘ï¸ğŸ…ï¸ğŸ…¨ï¸âœï¸à¼’ï¸,@frinds_clube,1
3,Nubliza,1664629150,ğŸ’LğŸ’iğŸ’zğŸ’a~~,@frinds_clube,1
4,ZapUser3128963391,155684730,Narinha...â¤ğŸƒ,@frinds_clube,2
5,zoya_khan1,627546958,Zoya Khan,@frinds_clube,31634268763763
6,armylover_yash,1626442225,armylover_ Yash,@frinds_clube,1
7,Alo_ne_b_o_y,1975895352,Siddhesh Chopade,@frinds_clube,1
8,Mr_sonya,1070713390,S_o_n_y_a__26sss,@frinds_clube,1
9,fauzi_jaan_love_you,1713435447,â›ƒâƒŸâ‹†Í™Ìˆá¸ŸÃ¤Ã¼áº“Ã¯à¿à¼µà½½â›âƒŸâ‹†Í™ÌˆğŸ‡®ğŸ‡³,@frinds_clube,1
10,i_love_you_nikita,1452092727,!!_Love_Is_A_SweeT_PoisoN_ ___!!,@frinds_clube,31634268763763
11,Vaibhav112233,1863304973,L y v p ğŸŒ¹ğŸŒ¹ğŸŒ¹,@frinds_clube,2
12,osm_khandagale_patil,1856976141,â¤ï¸â€Yaà¸£Ñ’â€â¤ï¸,@frinds_clube,31634268763763
13,A_y_a_n_8990,1719905578,Ayan Tamboli,@frinds_clube,31634268763763
14,XD_HARSH_722,2008138307,ğ—›ğ—”ğ—¥ğ—¦ğ—›,@frinds_clube,1
15,CRYSTALBOY_XXD,1404926082,[#ğ—¢ğ—™ğ—™ğ—Ÿğ—œğ—¡ğ—˜] ğ‚ğ‘ğ˜ğ’ğ“ğ€ğ‹ ğğğ˜,@frinds_clube,1
16,XD_SUSHANT,2070469162,ğ“„‚â¤âƒŸğ’¬ Ì¶ á· á·ŸÌ¶âœ°Í¢ğ“†©Sá´œsÊœá´€É´á´›ğ“†ªâ˜…âƒŸâƒğŸ‡®ğŸ‡³,@frinds_clube,1
17,CHARMING_GIRL_XD,1186907829,Khushiâ¤ï¸ğŸ˜˜,@frinds_clube,1
18,CRYSTALGIRL_XXD,2037517450,[#ğ—¢ğ—™ğ—™ğ—Ÿğ—œğ—¡ğ—˜] ğ‚ğ‘ğ˜ğ’ğ“ğ€ğ‹ ğ†ğˆğ‘ğ‹âœ¨,@frinds_clube,1
19,XPUBGLOVER_X,1653052042,à¼»ğŸ˜ˆã€å½¡ğ”»â„ğ”¼ğ”¸ğ•„-ğ”¹ğ•†ğ•å½¡ã€ğŸ˜ˆà¼º,@frinds_clube,1
20,X_nikky_179,1771776541,X_nikky _179,@frinds_clube,2
21,XimenaC66,2015157874,Ximena Chang,@frinds_clube,31634268763763
22,RaleighhXris,1853415316,Raleigh Xris,@frinds_clube,31634268763763
23,Xoxo_babe,1315851463,~ğŸŒ¸~Nandani~ğŸŒ¸~,@frinds_clube,1
24,Mr_vinay_m_w_09,2077671427,vinayak waghmare,@frinds_clube,1
25,D3VIL_SHUBHAM,1931250069,âš”ï¸ ğŸš©ğ—  ğ—” ğ—¥ ğ—” ğ—§ ğ—› ğ—” âœ­ ğ—ª ğ—” ğ—¥ ğ—¥ ğ—œ ğ—¢ ğ—¥ ğŸš© [ ğŸ‡¸ ğŸ‡­ ğŸ‡® ğŸ‡» ] ğŸ”±,@frinds_clube,31634268763763
26,Hanki3,1734622869,Hank Willy,@frinds_clube,31634268763763
27,ajitwaman980,1274725684,Ajit waman,@frinds_clube,1
28,King_Of_the_Royal_Heart,1630148037,ğ’ğšğ«ğ­ğ¡ğšğ¤ ğ©ğšğ°ğšğ« âœ¦ â–ˆâ–ˆâ–“â–’Â­â–‘â¡·â ‚ğšƒğ™´ğ™°ğ™¼ ğ™³ğ™´ğš‚ğšƒğšğ™¾ğšˆğ™´ğšâ â¢¾â–‘â–’â–“â–ˆâ–ˆâš”ï¸ ğŸš©ğ—  ğ—” ğ—¥ ğ—” ğ—§ ğ—› ğ—” âœ­ ğ—ª ğ—” ğ—¥ ğ—¥ ğ—œ ğ—¢ ğ—¥ ğŸš© [ Sá´€Ê€á´›Êœá´€K ] ğŸ”± ã€ğ”‡3â„¢ ğ™¶ğšŠğš—ğšğŸ”¥ã€ğ“†©à¤­à¤¾à¤°à¤¤à¥€à¤¯ğ“†ª ğ——3ğ—©ğ—œğ—Ÿğ–¤ ğŸ€ Õá—©á–‡Tá•¼,@frinds_clube,2
29,whitdevil96,1150047789,Whit devil,@frinds_clube,2
30,wjruuu,938544769,Shivkumar Tavtewad,@frinds_clube,31634268763763
31,vraut4wardha,1064427769,Vaibhav Raut (Wardha),@frinds_clube,31634268763763
32,Netflix_Movies_web_series_1,899092403,Harsh,@frinds_clube,31634268763763
33,KING_of_HELL_VK,1287756384,ê§âš”ï¸ğŸ—¡ï¸à¼’â˜ DEVILâ˜ ï¸à¼’ğŸ—¡ï¸âš”ï¸ê§‚,@frinds_clube,1
34,VIJAY1142,2075923551,ğ“„‚I AMá­„ VIJAY à¿,@frinds_clube,2
35,boykolhapur,1625468572,s V,@frinds_clube,1
36,Butterfly_cha_villain,1947826710,ê§ğ„—âƒâ¤ï¸ ğŸ¦‹ğ¦ğ«_ğ¯ğ¢ğ¥ğ¥ğšğ¢ğ§ğŸ¦‹ğ„—âƒâ¤ï¸ê§‚â—ˆ,@frinds_clube,1
37,rambharose123,368394913,à¼„áµ›áµáµ–á­„á¹‚Å©Î·Î·à¸¥â˜†à¿,@frinds_clube,1
38,jaimatadi008,1345709373,vansh,@frinds_clube,31634268763763
39,Vishwas_20,1235966117,SANKET NANGARE,@frinds_clube,1
40,vellnet2013,2039506278,Vullnet Bogdani,@frinds_clube,31634268763763
41,maeveVin71,2018790812,Maeve Vincenzo,@frinds_clube,31634268763763
42,AloukikV,2043276519,Aloukik Verma,@frinds_clube,31634268763763
43,KoreyV,1849638635,Korey Von,@frinds_clube,31634268763763
44,VikilRathod,1228142968,SaKhT LaUnDa ğŸ‘¿,@frinds_clube,1
45,Its_Veduuu,1867342538,Ncc candidate ğŸ”¥ğŸ”¥ğŸš©ğŸš©ğŸš©ğŸš©ğŸš©ğŸš©ğŸ‘‘âœŒğŸ¶â™¥ï¸â™¥ï¸â™¥ï¸â˜£ï¸âš›ï¸â­ï¸â­ï¸â­ï¸â­ï¸â­ï¸â­ï¸â­ï¸â­ï¸ â­ï¸â­ï¸â­ï¸â­ï¸â­ï¸â­ï¸âš›ï¸â­ï¸â­ï¸â­ï¸â­ï¸â­ï¸â­ï¸âš›ï¸â­ï¸â­,@frinds_clube,1
46,Mr_Perfect_vs,875006418,ğŸ¥°,@frinds_clube,2
47,Vishu3949,809309285,vishwajeet,@frinds_clube,1
48,paropraveshpc,820477239,pravesh kumar verma,@frinds_clube,2
49,Vinayak0808,674880349,Vinay,@frinds_clube,1
50,hshj27,1974583826,MÊ€á­„ . vÎ¯È´È´á¯á¥Å‹âœ¿à¿,@frinds_clube,1
51,Editorboy11,1813904537,MÊ€á­„ . vÎ¯È´È´á¯á¥Å‹âœ¿à¿,@frinds_clube,1
52,Vaiju_patil007,1672877141,â¤ÍŸÍÍŸÍâƒğŸ‡´â€‹Ò“Í¥Ò“Éªá´„Í£ÉªÍ«à¸„Å‚Éª ğŸ¦‹âƒŸ à¤ªà¤¾à¤Ÿà¥€à¤²à¿,@frinds_clube,2
53,vaibhav07,1158167235,Vaibhav Raut,@frinds_clube,1
54,Duffervish,1236026737,DufferğŸ’ ViSh ğŸ­,@frinds_clube,2
55,Maari2020,1694836965,MAARI Bhai ğŸ”¥ğŸ˜à¤®à¤¹à¤¾à¤•à¤¾à¤² à¤­à¤•à¥à¤¤ğŸ•‰ï¸ğŸ”¥vaibhav maradeâ£ï¸,@frinds_clube,31634268763763
56,Vb_patil_09,1221558025,Vaibhav Aglave,@frinds_clube,31634268763763
57,OmSaiRam_44,1556947078,vaibhav Patil ğŸ‘¿.,@frinds_clube,1
58,Akashyvarhade,1096048734,Akashay Varhade,@frinds_clube,31634268763763
59,Bcvdz,1564958704,Badri Varhade,@frinds_clube,2
60,LodVitthal,1381516024,Vitthal Lod,@frinds_clube,31634268763763
61,devilliersbabu,1005721986,ğŸ‡¿ğŸ‡¦Nitin de Villiers à²¨à²¿à²Ÿà²¿à²¨à³ à²¡à²¿à²µà²¿à²²à²¿à²¯à²°à³à²¸à³â­â­â­,@frinds_clube,2
62,Vanbharat,558176176,Bharat Dagdu Jadhao,@frinds_clube,31634268763763
63,affilatemarketer2506,1368527413,Vaishnavi,@frinds_clube,2
64,Sagar_mahajan652,949014603,sagar mahajan ( VIP-2 ),@frinds_clube,31634268763763
65,vandanpatil,1785504283,à¼’VANDAN ğ–£”ê ‹ê ‹ê ‹ê ‹ê ‹ê ‹ê ‹ê ‹ê ‹ê ‹ê ‹ê ‹ê ‹ê ‹ê ‹ê ‹ê ‹ê ‹ê ‹ê ‹ê ‹ê ‹ê ‹ê ‹ê ‹ê ‹ê ‹ê ‹ PATIL .Û—Û—Û—Û—Û—Û—Û—Û—Û—Û—Û—Û—Û—Û—Û—Û—â˜ à¼’ê§‚,@frinds_clube,1
66,Vishu8776,975898888,ğŸ†…ğŸ…¸ğŸ†‚ğŸ…·ğŸ†„,@frinds_clube,31634268763763
67,Mafiya_Vincenzo,1418166549,Vincenzo Cassano ã‚ã‚¿ãƒ£,@frinds_clube,1
68,s_a_u_r_a_b_h5942,1203435192,â˜¯ï¸â˜ï¸ï¸ï¸ğšœğšŠğšğš›ğšŠğš‹ğš‘-ğš‘ğšŠğš›ğšğšâ˜œï¸ï¸ï¸â˜¯ï¸,@frinds_clube,2
69,Janu_raja_13,1629819431,ê§â˜¬âœÂ®â“¤â’¹Â®â’¶âœâ˜¬ê§‚,@frinds_clube,31634268763763
70,UserTaggerBot,1796633495,User Tagger,@frinds_clube,1
71,Lover_ki_deewani_9,1612674735,â•°â˜†â˜†ğ•€ ğ•™ğ•’ğ•¥ğ•– ğ•¦â¤ï¸â˜†â˜†â•®,@frinds_clube,1
72,usernotfound_0411_error,1948832063,DĞ¤PÎ SHIĞ¯Ğ¦Ğ¦ {ÊŸá´€á´…á´‹á´€ Êœá´œ..ğŸ¤§},@frinds_clube,2
73,TUSHAR_204,1642113657,#AFK TG LEFTã€Å˜Ã˜ÎœÎ”Å‡Å¦IÄ†â¤ï¸ ÅÄ¦Î”Â¥Î”Å˜ Å¦á»®ÅÄ¦Î”Å˜ã€‘,@frinds_clube,2
74,monster_amanxd,2001529708,ã€ğˆÉ´ğƒğŸ‡®ğŸ‡³ ã€ê§â˜ï¸ğ€ğŒğ€ğ ğ— ğ—¢ğ—¡ğ—¦ğ—§ğ—˜ğ—¥â˜œï¸ê§‚ (ğšƒâ€Œá´€ÊŸá´‡É´á´›á´‡á´… Ê™á´Ês ğŸ‡®ğŸ‡³)ğ–¥»ğ™ğ™€ğ˜¼ğ™ˆğ™€ğ™‘ğ™„ğ™‡ğ™‘ğ™€ğ™ğ™„ğ™ğ™„ğ™€ğ˜¿ğ–¤,@frinds_clube,2
75,badal_11,1929504060,â€Œâ”€.Û—Û—Û—Û—Û—Û—Û—Û—Û—Û—Û—Û—Û—Û—Û—Û—Û—Û—_âœ°ğŸ’œğŸ•Šï¸ğŸ‡¸ ğŸ‡¦ ğŸ‡¸ ğŸ‡¹ ğŸ‡¦ ğ“£ğ“—ğ“ğ“¡ğŸ’œğŸ–¤,@frinds_clube,2
76,TrentonRuiz,1964792462,Trenton Ruiz,@frinds_clube,2
77,studyloverTk,1952366657,à¼’Í¢ğŸ–¤âƒ TusharğŸ–¤âƒ 07â˜…à¿,@frinds_clube,1
78,business_tricks1,1573662655,business tips and tricks,@frinds_clube,1
79,RebeccaTorres1,1847766880,Rebecca Torres,@frinds_clube,2
80,tidkeom,1912020552,âœ°SÑ’ivbhaktâœ°,@frinds_clube,2
81,kunal_1923,2013249864,Kunal Thakur,@frinds_clube,2
82,tarebina143,1650115520,ğ•Šğ•–ğ•’ğ•£ğ•”ğ•™ğ•šğ•Ÿğ•˜....,@frinds_clube,1
83,t6patil,1706866447,T Patil,@frinds_clube,1
84,Tanner674,1845602971,Tanner Bryant,@frinds_clube,31634268763763
85,Theodoraababy,1780993237,Theodora DeWitt,@frinds_clube,31634268763763
86,TIGER_1432,1642162780,ê§à¿‡ â˜…â…à¹–Û£Ûœâ„œiÍ¥deÍ£rÍ«â…â˜…â„œà¿‡ê§‚,@frinds_clube,2
87,Thakare_kunal_4870,1613055198,ğŸ˜˜King TÑ’Î±kÍ¥Î±rÍ£eÍ«ğŸ˜,@frinds_clube,2
88,Tush1212,1405018876,Tushar Pawar,@frinds_clube,31634268763763
89,jaan_teriqasam,1721090084,â¤â™›ê§ğŸ… ğŸ…œğŸ‘‘,@frinds_clube,1
90,Appy_lover_Shiv_MH36,1671619234,P_r_a_t_i_k_s_h_ağŸ˜Š,@frinds_clube,1
91,dark_toxicXD,1754057226,Isha Darekar,@frinds_clube,2
92,TEAM_EAGLE_BLACK_MAFIA_OWNER,1789093506,ÕIá—ªá—ªá•¼á—©á–‡Tá•¼ â„¢ğŸ‡ªÂ á´€É¢ÊŸá´‡ğ–£˜ã€²á´¹áµƒá¶ â±áµƒà¿â˜ ï¸ï¸âœªâš¡ğŸ”¥,@frinds_clube,1
93,Sonukijaan,1263316812,Sonu Tss,@frinds_clube,2
94,Mahi07_07,1926816349,Kunal Thakare,@frinds_clube,2
95,Hshjekfkrjjek,1969777354,Official__â™¡tushar ã€ŠNo gf ã€‹â™¡â™¡,@frinds_clube,2
96,mohit_tyagi12,1737652866,Mohit Tyagi,@frinds_clube,2
97,Its_me_teju16,1792015064,Teju.,@frinds_clube,1
98,Saku19_Thakur,1720705827,ê§á“â™¬Æ™á“Ï¦É¨ Æ¬Ï¦â™¬Æ™â©Æ¦ê§‚,@frinds_clube,1
99,The_devil123,823205375,Mr Mr,@frinds_clube,1
100,Tannu12345564,1432624769,TanuğŸ˜ğŸ˜,@frinds_clube,1
101,Tiger_thakur_4545,1537397450,ê§à¼ºTÃGÃŠRâ˜  THAKURà¼»ê§‚,@frinds_clube,1
102,tanisha_girl,1735069693,TANISHA,@frinds_clube,1
103,J_N_L_C_J_B,1861895161,à¸£à¹à¸¢l_à¹’_t_à¸£,@frinds_clube,31634268763763
104,tarebina,1875139390,Searching..............,@frinds_clube,2
105,rowdyboy_143,1267999718,tuza sona 143,@frinds_clube,1
106,sanvi_007,1133661368,Nivedita Tirlapur,@frinds_clube,31634268763763
107,Heli23,342876586,Ã‡Ä¥rÄ«Â§tÃ¬Ã±Ã  ğŸ‘‘,@frinds_clube,31634268763763
108,Cutehayu,664732635,ğŸ’¦ğŸ–¤Twi-light,@frinds_clube,31634268763763
109,tritium_t,1082252701,Aditya,@frinds_clube,1
110,geshvar,57884633,Geshvar Taram,@frinds_clube,31634268763763
111,Teju_1535,1954547642,Teju,@frinds_clube,1
112,Shete_om,1360736354,#omğŸ˜,@frinds_clube,1
113,SDeole,2047499776,SD patil,@frinds_clube,2
114,atharav_sakhare_07,1937523771,Atharav Sakhare,@frinds_clube,2
115,Shivbhakt96k,1432519700,à¼’ï¸â™•ï¸á… á… à£©à£©à£©à£§à£§à£§à£©à£©à£©à£©à£§à£§à£§à£§à£§à£§à£§à£§à£©â¥â”½Í¢ê ‹ê ‹ê ‹ê ‹ê ‹ê ‹ê ‹ê ‹ê ‹ê ‹ê ‹ê ‹ê ‹ê ‹ê ‹ê ‹ê ‹â¸™ê ‹ê ‹ê ‹ê ‹AdÍ¥arÍ£sÍ«há… á… à£©à£©à£©,@frinds_clube,1
116,Ownerin_222,2089692727,â˜… Sğ™–ğ™®ğ™ªğ™§ğ™ Kğ™–ğ™£ğ™–ğ™™ğ™š [â˜… ğ™¤ğ™¬ğ™£ğ™šğ™§ğ™ğ™£ Â»Â»Â» ],@frinds_clube,1
117,shripad9096,1765195887,ğŸ–¤ Black,@frinds_clube,2
118,successful_losser143,1947708467,äº—ã€ ğ‘šğ‘Ÿ ğ‘‘ğ‘’ğ‘£ğ‘’ğ‘™ğ‘œğ‘ğ‘’ğ‘Ÿ ã€äº— âªâ¬â®â®â®â® â€Œâ€Œâ€Œâ€Œ,@frinds_clube,1
119,SHIVV2002,1812265906,ğ“†©à¤­à¤¾à¤°à¤¤à¥€à¤¯ğ“†ª ğ——3ğ—©ğ—œğ—ŸğŸ¤âƒâš”ï¸ ğŸ‡®ğŸ‡³ğŸ’—á—ªá–‡.â€ŒÙ–Ù–Ù–Ù–Ù–Ù–ÙœÙ–Ù–Ù–Ù–Ù–Ù–ÙœÙ–Ù–Ù–Ù–Ù–Ù–ÙœÙ–Ù–Ù–Ù–Ù–Ù–ÙœÙ–Ù–Ù–Ù–Ù–Ù–ÙœÙ–Ù–Ù–,@frinds_clube,2
120,Shivkanya_DG21,1899025840,â˜¬à¦”à§£à¼ºâ™¡á´Šá´‡Ê€Ê€yâ™¡à¼»à¦”à§£â˜¬,@frinds_clube,1
121,Silentgirl2269,2011417550,à¼„á¶¦á¶°áµˆá­„âœ¿É¢ÉªÊ€ÊŸà¿,@frinds_clube,1
122,SAMAYPLYWOOD,637538433,SAMAY PLYWOOD,@frinds_clube,2
123,knowpeoplefirst,1755411820,", - ğ™ˆğ™§ ğ™¨ğ™ªğ™§ğ™®ğ™–",@frinds_clube,1
124,Saaho_A,2001212827,ä¹ˆsaaÊœoä¹ˆA,@frinds_clube,2
125,akshay_01432,581089901,Akshay Sharma,@frinds_clube,2
126,samu_cha_samu,1608566282,Õá—©á—°á—°YğŸ”¥âŒ âªâ¬â®â®â®â® âªâ¬â®â®â®â® â€Œâ€Œâ€Œâ€Œ,@frinds_clube,1
127,sukhenm007,2018057931,Mr. Sukhen,@frinds_clube,2
128,m_rohan_sutar,1309578789,ê§à¼ºÅ™Ã¸hÄ…Ã±à¼»ê§‚,@frinds_clube,1
129,Sachin720,1936526858,ğŸ¥€ğŸ•Šï¸âƒğŸ¦‹.âœ°Sá´€á´„Êœá´œâœ°.ğŸ•Šï¸âƒğŸ¦‹ğŸ¥€,@frinds_clube,1
130,SAMYAK_2317,1867436674,SAMYAK,@frinds_clube,2
131,ONE_MAN_SHOW_1,1407929817,â–¶ â—â”€â”€â”€â”€â”€â”€â”€â”€Ã—ÍœÃ—á¬Šá¬ğš‚ğ™°ğ™¶ğ™°ğšà¿,@frinds_clube,1
132,shivbhaktt96k,1887831367,â£â¤chocolate boyâ¤â£,@frinds_clube,1
133,Alone_boy_0110,1108685457,Sunny,@frinds_clube,1
134,patilpower,1931967393,à¼’ï¸âœï¸â˜ ï¸ï¸ğ”–ğ–ğ–ğ–›ğ–†ğ–’ ğ–•ğ–†ğ–™ğ–ğ–‘â˜ ï¸ï¸âœï¸à¼’ï¸ âªâ¬â®â®â®,@frinds_clube,1
135,mr_shubham712,1641186215,â° ğ™‡ âš¡ï¸ ğ™ â± < ğ’ğ‡ğ”ğğ‡ğ€ğŒ ğŸ•ğŸğŸ > #ğ˜½ğ™‡ğ˜¼ğ˜¾ğ™†ğ™‡ğ™„ğ™ğ™,@frinds_clube,1
136,Silent_nature01,1864755729,Ñ•Î¹â„“Ñ”Ğ¸Ñ‚ Ğ¸Î±Ñ‚Ï…ÑÑ”,@frinds_clube,2
137,PRINCE_S786,1978519545,@PRINCE_S786 âªâ¬â®â®â®â® â€Œâ€Œâ€Œâ€Œ,@frinds_clube,1
138,atharav_sakhare_007,933823512,Atharav Sakhare,@frinds_clube,1
139,rohitsawnt,1325775749,rohit sawant,@frinds_clube,2
140,SNOBITA24,1884907619,ã€SNOBITAã€à¿,@frinds_clube,2
141,i_m_rakhi_A,1751825323,Rakhi Sethi,@frinds_clube,2
142,Myself_sanskari,1911182814,ê§à¼’ğŸ…¢ğŸ…ğŸ…šğŸ…¢ğŸ…—ğŸ…˜à¼’ê§‚,@frinds_clube,1
143,Mr_shubham420,1883986394,Secret_Love_Boy,@frinds_clube,2
144,girlssupporter,1884008376,ğŸ˜ˆ Singham ğŸ˜ˆ,@frinds_clube,2
145,BrittanySansbury,2039101184,Brittany Sansbury,@frinds_clube,1
146,ajlisharma,1830391014,Silent boy,@frinds_clube,31634268763763
147,Darshanshinde,482161387,S D,@frinds_clube,1
148,SangMataInfo_bot,461843263,SangMata Info Bot,@frinds_clube,1
149,mr_smoker321,1643922648,ğŸš¬ MÆ¦ SMÃ˜Æ™EÆ¦ ğŸš¬,@frinds_clube,1
150,shubham_ramanboinwar,1817664445,ğŸ˜†chhota bheem ğŸ˜œ,@frinds_clube,2
151,divana153,1254015505,ğŸ§¡â»â»Smile killerâ¥â¥âœ”â™¬ ğŸ˜,@frinds_clube,1
152,Self134,1369092887,Harshu Bansode,@frinds_clube,1
153,S_a_m_1913,1288519896,Ê‚É‘É±_Ê‚É‘Ê‹É›Æ™É‘É¾,@frinds_clube,1
154,kapil_chiwade,1547862308,â™¡Sá´‹á­„kapilâ£â™›ê§ğŸ’–ğŸ’à¼’ğ“†©Lê™°Oê™°Vê™°Eê™°ğ“†ªà¼’,@frinds_clube,2
155,Omkarsaruk,1486964465,Omkar Saruk,@frinds_clube,31634268763763
156,sweetboy_g,1168864116,â—Œâ‘…âƒâ—â™¡â‹†â™¡Govind â™¡â‹†â™¡â—â‘…â—Œ â˜œâ˜† Patil â˜†â˜,@frinds_clube,31634268763763
157,Ajeet424,1618696643,Short Information,@frinds_clube,2
158,sakshinikam,1840262976,Sakshu Nikam,@frinds_clube,1
159,Sminimum,1842018969,Cute girl ğŸ’•,@frinds_clube,31634268763763
160,STEVE_RM,828137858,Stephen Malekar,@frinds_clube,1
161,Sameershahare1172,627709245,INDIAN ğ™°ğš›ğš–ğš¢,@frinds_clube,1
162,Abhi_shek0,937241503,Abhi,@frinds_clube,2
163,op_Hacker_1992,1966346472,OXYGEN | SWAGAT OFFICIAL ğŸ‡®ğŸ‡³,@frinds_clube,1
164,Shreya_567374,1717006173,Ûâ˜…ShÍ¥â„eÍ£yÍ«à¸ªâ˜…Û,@frinds_clube,31634268763763
165,Shalikram93,1131127619,Shalikram Shinde,@frinds_clube,31634268763763
166,Minipagal,1247501202,Shivam Patil Nandedkar,@frinds_clube,1
167,CVM199,705312765,SHIV,@frinds_clube,1
168,Shravnidudhankar,1217764262,shravni dudhankar,@frinds_clube,31634268763763
169,Skavhad,1240961823,Srushti Avhad,@frinds_clube,31634268763763
170,Shweta_224,1755340194,$hwet@,@frinds_clube,31634268763763
171,Aarohi05,1542985037,Aarohi Sethy,@frinds_clube,2
172,Shivraj_creations,1529936773,Shivraj,@frinds_clube,2
173,single_satya_1432,1572281303,Satish Nandedkar,@frinds_clube,31634268763763
174,Shubham1118,969047229,Shubham Patil,@frinds_clube,2
175,shivanisharmaa,1453904959,Shivani,@frinds_clube,31634268763763
176,smritirana1011,1491266250,Smriti Rana,@frinds_clube,1
177,HARAMI_BACHA_HU_SAMBHAL_KAR,1655893641,ğ“†© ğ‚ğ€ğ‘ğ‘ğ˜ ğ“†ª â™‹,@frinds_clube,2
178,Sujjuchaudhary,1289207778,â˜ï¸ï¸ï¸ğ‘ ğ‘¢ğ‘—ğ‘—ğ‘¢ ğ¶â„ğ‘ğ‘¢ğ‘‘â„ğ‘Ÿğ‘¦â˜œï¸ï¸ï¸âªâ™ªâ™ªâ™ªâ™ªâœï¸,@frinds_clube,31634268763763
179,JanainaSous,1869359890,Janaina Sousa,@frinds_clube,31634268763763
180,Killer_smile_28,1460846933,Killer Smile ğŸ˜˜ğŸ˜‡,@frinds_clube,2
181,shayar98,1029165654,Khushal Indorkar,@frinds_clube,31634268763763
182,all_status_katta_00,1935670188,â™¡ï¸à¼’ âœ° à¤¶à¤¿à¤µà¤­à¤•à¥à¤¤ âœ°à¼’ â˜ï¸ï¸ï¸â™¡ï¸â™¡ï¸...ğŸ…¸ï¸ğŸ…¿ï¸ğŸ†‚ï¸â™¡ï¸ğŸ…°ï¸ğŸ†…ï¸ğŸ…¸ï¸...â™¡ï¸â™¡ï¸â˜œï¸ï¸ï¸à¼’ï¸â™¡ï¸ ê§à¤®à¤°à¤¾à¤ à¥€ à¤®à¥à¤²à¤—à¤¾ê§‚,@frinds_clube,2
183,Its_saayaaa09,705779991,Sayali Patil,@frinds_clube,1
184,itz_sneha_mohod,879551977,Snehal Mohod,@frinds_clube,1
185,Nitin4511,1331180639,Nitin Survase,@frinds_clube,31634268763763
186,hello_mi_rocky,1445765334,Mr.Rocky,@frinds_clube,2
187,bawankul,1379086208,@//#ROYAL#//@ @//#à¤¶à¤¿à¤µ à¤­à¤•à¥à¤¤#//@,@frinds_clube,2
188,Rajgunjal,1267865680,à¼ºâœ¿RAJ GUNJALâœ¿à¼»,@frinds_clube,1
189,ritu765,1945477889,â³á´¹á´¿âœ¿à¿ Î±loÉ´e Î±rĞ¼yâ˜†à¿à¼µà½½à¼’,@frinds_clube,1
190,BLACKLIST_OP,1997387632,ğ‘ğğ‡ğˆğ“,@frinds_clube,1
191,Roshro3110,824207454,Roshan Bhavsar,@frinds_clube,2
192,ruhi_n20,1445179111,â™¡ğ’“ğ’–ğ’‰ğ’Š....ââ™¡,@frinds_clube,1
193,Hacker_bad_killer_Devil,1197546942,Ram,@frinds_clube,1
194,Avnii_2004,1975551711,ğ—”ğ˜ƒğ—»ğ—¶ rÍŸoÍŸyÍŸ,@frinds_clube,1
195,rushikeshRjadhav15,1356267488,Karikalan,@frinds_clube,1
196,Godzilla_rahul,1987554322,à¼’.Û—Û—Û—Û—Û—Û—Û—Û—Û—Û—Û—Û—Û—Û—Û—Û—Û—ğŸ•Šâ˜ âš¡ğŸ‡®ğŸ‡³â–“ğŸ‡¬ODZILLAâ¯â¶ã€RAHULã€‘ğŸ‡®ğŸ‡³âš¡â˜ __________à¼’ âªâ¬â®â®â®â® â€Œâ€Œâ€Œâ€Œ,@frinds_clube,1
197,drrahul4000,1709231545,ğ““ğ“».ğ“¡ğ“ªğ“±ğ“¾ğ“µ.ğ“°ğ“¸ğ“¾ğ“·ğ“­,@frinds_clube,1
198,RupertfCEO,1813812631,Rupert Fredric,@frinds_clube,31634268763763
199,Broderick917,1810402188,Broderick Reyes,@frinds_clube,31634268763763
200,Akash_music,1987365703,AKASH RAGAD MUSIC,@frinds_clube,2
201,AKASH_RAGAD_MUSIC_BOT,2039526913,AKASH RAGAD MUSIC,@frinds_clube,1
202,Rupali1234567,1370140674,Rupali,@frinds_clube,1
203,Mr_Rahul_96,1129481627,.Û—Û—Û—Û—Û—Û—Û—Û—Û—Û—Û—Û—Û—Û—Û—Û—Û—ğŸ•Šï¸âƒâ®ğ‘³âš¡ğ‘­â¯ğŸ‡®ğŸ‡³áš›â˜ ğ™ˆğ™.ğ™ğ˜¼ğ™ƒğ™ğ™‡â„¢â˜ ášœ#ğ˜½ğ™‡ğ˜¼ğ˜¾ğ™†ğ™‡ğ™„ğ™ğ™ğŸ‡®ğŸ‡³ğŸš«,@frinds_clube,1
204,RYTHMXBOT,1914498001,RÊ¸Í¢Í¢Í¢THMğŸ†‡ğšOT,@frinds_clube,1
205,MrPankajReddy,1197532065,ï¼­ï½’ ï¼°ï½ï½ï½‹ï½ï½Š ï¼²ï½…ï½„ï½„ï½™ ğŸ–¤,@frinds_clube,1
206,Royaboy96k,2049169636,Royal K,@frinds_clube,31634268763763
207,Akashragad96k,1983173434,à¼’à¦”à§£â™›AKASH RAGADâ™›à¦”à§£à¼’,@frinds_clube,1
208,Rohit_ghost,1352580327,Rohit,@frinds_clube,1
209,Dipak_rathod9,1600420112,á¶¦ á¶ºá¶¬â™»á´°á¶¦áµ–á¶ºâ‚­á­„â˜¬Ê™ossâ˜¬à¿ Å”Ã“ÃÃÄ¹ Å”ÃÅ¤HÃ’Ä,@frinds_clube,1
210,reyhaneh_kameluztff,1723763093,ğŸ’â†..É²Ò½gÎ¯É³ ..â†œğŸ’,@frinds_clube,1
211,riddhigarg205,532097711,Riddhi Garg,@frinds_clube,31634268763763
212,ItsRishi007,1881047549,Rishi Sonawane,@frinds_clube,31634268763763
213,Royalpatil96kp,1607111837,ğŸ’•ğŸ’•ğŸ’• Deva bhai ğŸ’•ğŸ’•ğŸ’•,@frinds_clube,1
214,S_A_R_A_2005,1292877206,ğ“†©Saritaãƒ„ğ“†ª,@frinds_clube,1
215,Abhiraj6102,1125449153,Abhishek raj,@frinds_clube,2
216,Anvirajputa,1505890498,Aanvi Rajput,@frinds_clube,1
217,MissRose_bot,609517172,Rose,@frinds_clube,1
218,ShiikhaR,483530108,Shikha Rana,@frinds_clube,31634268763763
219,Rushi_patil_003,1157233086,Rushi Patil,@frinds_clube,31634268763763
220,RadhikaJain,174513567,Radhika Jain,@frinds_clube,1
221,Rockybhai_302,1160144409,Boss,@frinds_clube,1
222,ritika5409,1133162693,Ritika,@frinds_clube,1
223,SPARTA_RE4L,958175732,âœ¹âƒğŸ«â‹†ê™¶ê¯­â‹†Í£ê¯­â‹†Í«á­„ğŸ‡°ğ•€ğŸ…£Ğºğ€Ôµ ğŸ‡±ğ™Šğ•ğŸ…”ğ“¡ ğŸ¦‹ âƒŸâ¥âƒŸğŸ«ğŸ’ âªâ¬â®â®â®â® â€Œâ€Œâ€Œâ€Œ,@frinds_clube,1
224,Rajput_Bhushan,830190781,RAJPUT,@frinds_clube,1
225,riydv,275069182,Ğ¯Ğ½Ğ°,@frinds_clube,31634268763763
226,dark_defender_reloaded,1927654492,ã€ ÃÎ›RÌ·á¦ ã€â˜…DEFENDERâ˜… #à¹–Û£Ûœâ„œelâ˜¢ï¸â±¥ded,@frinds_clube,2
227,rasika26,1606842939,Attitude girl...,@frinds_clube,2
228,Antilinkbot_robot,393529275,Anti linkğŸŒ,@frinds_clube,1
229,nitesh_rock,840767584,Nitesh Patil,@frinds_clube,1
230,Rduvn007,1257659869,Rohan Jamkar,@frinds_clube,31634268763763
231,Riya_fun40,1812120662,ê§à¼ºÉ¢ÊŠÖ„È¶ÇŸà¼»ê§‚ Guninun service,@frinds_clube,31634268763763
232,Queen_piu,1768576532,Madhu__â¤ ğŸ–¤,@frinds_clube,1
233,mosheQ11,1851651313,Quintin Moshe,@frinds_clube,31634268763763
234,N1305,733575098,Queen Nehuuu,@frinds_clube,1
235,ATTITUDE_QUEEN_14,1898116146,ATTITUDE_QUEEN_14ğŸ‘‘,@frinds_clube,2
236,Queen540,136394415,540Queen ğŸ‘‘,@frinds_clube,1
237,Branded_queenn,1155806804,â¥ï¸â˜…âœ°ğˆğğğğ‚ğ„ğğ“_ğ†ğ¢ğ«ğ¥âœ°â˜…â¥ï¸,@frinds_clube,1
238,I_am_devil_queen,1881310960,â˜… dÍ¥evÍ£iÍ«l QuÃ¨Ã¨nâ˜…à¿,@frinds_clube,1
239,Priya_568,1801217880,Priya,@frinds_clube,2
240,praju1900,1478589665,prajkta Bhosale,@frinds_clube,1
241,adarsh413,1856561320,Adarsh patil,@frinds_clube,1
242,Awesome_om,966846933,Om Pawar,@frinds_clube,2
243,Princess_Aarohi,1986700640,Aru,@frinds_clube,2
244,Princepatil96k,1923675438,ğŸ”°âš¡ğğ‘ğˆğğ‚ğ„ ğğ€ğ“ğˆğ‹âš¡ğŸ”°,@frinds_clube,2
245,G_PROFEESOR,1266864907,G_ PROFEESOR,@frinds_clube,1
246,jatin_prasad,1122429699,Jatin Prasad,@frinds_clube,2
247,PATILGAURAV03,1220774995,Gaurav Patil,@frinds_clube,31634268763763
248,Itspankajkatare,1354030765,Pankaj Katare,@frinds_clube,31634268763763
249,panduranglandge,1343360236,â˜¬â™›pÌ¶aÌ¶nÌ¶dÌ¶uÌ¶rÌ¶aÌ¶nÌ¶gÌ¶ lÌ¶aÌ¶nÌ¶dÌ¶gÌ¶eÌ¶â™›â˜¬,@frinds_clube,2
250,pineeapple1,1126313239,J 5,@frinds_clube,2
251,Nileshpurne_7821,1822579202,Nilesh Purne,@frinds_clube,2
252,dasharathepatil,1859399894,âœ§alone premà¼ºâ™¥à¼»âœ§,@frinds_clube,2
253,Ajjubhai932201,1685977595,ğŸ’«Ajay patilâ˜˜ï¸,@frinds_clube,31634268763763
254,cute_pari32,1278735381,ğŸ’œğ’œğ’±ğ’®ğ’©â„â™¡ï¸,@frinds_clube,1
255,Priyaa8,2006312076,Priya Pathania,@frinds_clube,2
256,PaitynK,1840396048,Paityn Kraig,@frinds_clube,2
257,Luckyboy_96k,1933522317,á´Ê€â–â™¥ï¸ ğ˜¼ğ˜½ğ™ƒğ™„__ğ™‹ğ™–ğ™©ğ™ğ™¡ â™¥ï¸â˜…à¿,@frinds_clube,1
258,Pairatesskp,1251241238,ğŸ†‚ğŸ…°ğŸ…²ğŸ…·ğŸ…¸ğŸ…½,@frinds_clube,1
259,Iadityapatil,883774114,Aditya Patil,@frinds_clube,2
260,kiranpatil_96k,1690722309,â€¡â™…â˜¬â˜â™šğ¤ğ¢ğ«ğšğ§. ğğšğ­ğ¢ğ¥ 96ğ¤.â™šâ˜œâ˜¬â™…â€¡,@frinds_clube,1
261,Kirtipatil1235,1911355128,â¤ï¸kirti patilâ¤ï¸,@frinds_clube,2
262,Kabhi_khushi_khabhi_gham2005,1491900536,Pramit K,@frinds_clube,1
263,exceptionsszz,1567543350,pratap,@frinds_clube,1
264,pubg_lover_96k,1916196941,à¼„â—âƒmyêªœPUBG â˜¯lover,@frinds_clube,1
265,GhostRider512,1333063545,Hariom Pawar,@frinds_clube,31634268763763
266,Pratham1214,1302708773,Prathamesh Ingle,@frinds_clube,31634268763763
267,Miss_pihu_007,1845212862,MÍ¢Í¢Í¢á¥àº®àº®âš  Pihu ll,@frinds_clube,1
268,Punekar_MH_12,1682029427,ê§â¤â€¢à¼†$â€‹êª‘ğ˜³ êª–ğ˜¬êª–ğ˜´â€‹ê«â–â„˜à¼’,@frinds_clube,1
269,gambit_Pnav,989400326,Priyanav..,@frinds_clube,1
270,PremKSG,591740603,Ã­É‘Êêª¶Ğ½Ï…Î·Ñ‚ÎµÑê«‚à¸„ghğ‰ri,@frinds_clube,31634268763763
271,Dk_patil96k,1535577816,D K Patil,@frinds_clube,31634268763763
272,Pavanshelke96k,1496836210,Army lovers,@frinds_clube,31634268763763
273,Patil96kpl,1553269124,Heart less Dnyanu â¤,@frinds_clube,1
274,sdpatilofficial,1118743117,SD Patil,@frinds_clube,31634268763763
275,sdpatil65,1270066866,Shrikrishna D Patil,@frinds_clube,31634268763763
276,sdpatil44,1392762602,Sunil Patil,@frinds_clube,31634268763763
277,Photography_87,1752536941,dance_lover_,@frinds_clube,2
278,aluri_bot,1162688820,Prasad_1011,@frinds_clube,1
279,Prasad_1012,1404073328,Prasad Dhalawade,@frinds_clube,1
280,Sumit_jadhav_96k,1498171186,sumit Patil,@frinds_clube,31634268763763
281,Prathu_mane007,1155494404,Prathmesh Mane,@frinds_clube,2
282,professor_452,1728955934,professor,@frinds_clube,1
283,Kabaddilover17,1208682165,Ajit Pawar,@frinds_clube,2
284,choti_chingariii,1651970680,âœµâ˜¬â™šsÌ¶pÌ¶aÌ¶rÌ¶kÌ¶yÌ¶ mÌ¶iÌ¶nÌ¶iÌ¶ â“Ÿâ“¤â“¡â“¥â“â™šâ˜¬âœµ,@frinds_clube,1
285,Godzilla_bapajibol,1793207142,à¼’.Û—Û—Û—Û—Û—Û—Û—Û—Û—Û—Û—Û—Û—Û—Û—Û—Û—ğŸ•Šâ˜ âš¡ğŸ‡®ğŸ‡³â–“ğŸ‡¬ODZILLAâ¯â¶ã€papaji bolã€‘ğŸ‡®ğŸ‡³âš¡â˜ __________à¼’,@frinds_clube,2
286,dips1435,650731686,Dipak Pise Dp,@frinds_clube,1
287,aapgamer_o7,1057420960,A.Patil,@frinds_clube,1
288,panda_girl12,1132375073,Gauri Korde,@frinds_clube,1
289,Sonali_pandey80,1159929574,Sonali,@frinds_clube,1
290,Pathanayan01711,1852914687,Ayan Pathan,@frinds_clube,31634268763763
291,HarshvardhanPatil_6276,1328165555,Harshvardhan Patil,@frinds_clube,1
292,Priyanka2792,1947418135,Priyanka,@frinds_clube,1
293,Choclate_boy143,1787598612,pgl boy,@frinds_clube,1
294,Ajjubhai941,1783704403,â˜…â˜…â“‚â“‡_â’¶â“™â“â“¨_â“…â“â“£â“˜â“›_â™¨,@frinds_clube,31634268763763
295,Pawaskar20,1262398779,Shruti,@frinds_clube,31634268763763
296,Luckygirl_96k,1861906825,ğŒğ‘ğ’â–.... â™¥ï¸ ğ’ğ‡ğˆğ•ğ€ğğ˜ğ€__ğ™‹ğ™–ğ™©ğ™ğ™¡â™¥ï¸â˜…à¿,@frinds_clube,1
297,LOVELYR_OBOT,1777728008,Ô¼Æ êªœĞ„Ô¼Æ³ ğŸ’”,@frinds_clube,1
298,opbadboy96k,1998469344,â™¥ï¸â¥ï¸.â° ğ™‡ âš¡ï¸ ğ™ â± < ğŸ…‘ï¸ğŸ…ï¸ğŸ…“ï¸ ğŸ…‘ï¸ğŸ…ï¸ğŸ…¨ï¸> #ğ˜½ğ™‡ğ˜¼ğ˜¾ğ™†ğ™‡ğ™„ğ™ğ™â¥ï¸â™¥ï¸,@frinds_clube,2
299,NiteshYT_Official7,1583769233,NiteshYt Official,@frinds_clube,2
300,devilshiv1,2048834946,ğ’†œğ’Š¹ï¸ğŸ˜ğŸ”¥ğŸš¬ğŸ‡· ï¼¯ï¼£ï¼«ï¼¹Ü“ ğŸ‡§ ï¼¨ï¼¡ï¼©ğŸš¬ğŸ”¥ğŸ˜ğ’Š¹ï¸ğ’†œ,@frinds_clube,1
301,Omkar146,1389882672,omkar Gaikwad,@frinds_clube,2
302,LymanOdis,2011467903,Lyman Odis,@frinds_clube,2
303,jadhavonkar,979165441,ONKAR,@frinds_clube,1
304,Mr_Omiiee_2141,1066971591,MR_OMIIEE_ _2141,@frinds_clube,1
305,Omkar18,1192761054,Omkar Ã–my,@frinds_clube,2
306,Onkar22metkari,1302188816,Onkar Metkari,@frinds_clube,1
307,Aaru_o9,1365071108,Arya,@frinds_clube,1
308,mujhix,1775861290,â˜…ğ‘¶ğ‘¿ğ’€ğ‘®ğ‘¬ğ‘µ ã‚·ï¸ğ‘´ğ‘¼ğ‘ºğ‘°ğ‘ªâ˜…,@frinds_clube,31634268763763
309,Omkar4507,1423631079,I am devilğŸ‘¿,@frinds_clube,2
310,Olli_daOLLI,157670308,daOLLI,@frinds_clube,1
311,nbhalerao821,1171998891,Nebu,@frinds_clube,1
312,Kuldeep_Nexacom,603044240,Kuldeep,@frinds_clube,1
313,niruu_jadhav_996,1262228814,Niraj Jadhav,@frinds_clube,31634268763763
314,Mr_nyn,1163979248,ğŸ’¥SHAAKAL ğŸ”«,@frinds_clube,2
315,Namdevpati,1883819858,!!à¤¶à¤¾à¤‚à¤¤ à¤†à¤¤à¥à¤®à¤¾!!,@frinds_clube,31634268763763
316,Nikul,55328077,Nikul,@frinds_clube,1
317,ARCHANA_GOYAL,114316254,NISHU,@frinds_clube,31634268763763
318,NJesin,478691736,Narendra Kumar à¤…à¤­à¤¿à¤¨à¥‡à¤¤à¤¾ ( à¤«à¤¿à¤²à¥à¤® à¤à¤‚à¤µ à¤°à¤‚à¤—à¤®à¤‚à¤š ),@frinds_clube,1
319,NikitaGangwani,1790346499,Nikita Gangwani,@frinds_clube,31634268763763
320,Prashant_no1,1789850185,Prashant...,@frinds_clube,31634268763763
321,mahimahimaho,1660169097,neha patil,@frinds_clube,2
322,Ajay7620,1043034096,*ï¸»ãƒ‡â•ä¸€ â–¸ Mr à¼’ *à¤…à¤œà¤¯...*à¼’*,@frinds_clube,1
323,K1526,1418465761,â³á´¹á´¿á­„ARYAN ğŸ’•,@frinds_clube,2
324,M814326,751005360,Mahesh,@frinds_clube,1
325,amit_avni143,1959083058,Mr . ã€ MAX ã€,@frinds_clube,2
326,mr_amo_k,751120427,á—°á–‡_á—©á—°O,@frinds_clube,1
327,Erikmacco,2064094897,Erik Macco,@frinds_clube,31634268763763
328,Devidas,1727966488,Devidas Bharti MH 22,@frinds_clube,2
329,Kendre_arjun_10,1966915318,[ğŸ‡®ğŸ‡³]á´¹á´¿Â°(á´€Ê€á´Šá´œÉ´)^ã€Í²á¬áªá· á»á¬áªá¡Í²áá¬ÕÕ á¢Ï´áá†áŸá¬ã€,@frinds_clube,1
330,maribhai002,2093861666,âœµâ¥ï¸ğŒğ€ğ‘ğˆã€ŠğŸš¬ã€‹ğğ‡ğ€ğˆğŸ“¿âœµà¿,@frinds_clube,1
331,mgaik,1821017782,ğŸ˜˜â˜…å½¡[êœ±Ì·á´›Ì·ÊÌ·ÊŸÌ·ÉªÌ·êœ±Ì·ÊœÌ· á´á´€É´É¢á´‡êœ±Êœ]å½¡â˜…ğŸ˜˜,@frinds_clube,2
332,Mr_Badshaha_01,1873630327,â£âƒŸâ‚âƒâƒğŸ‡®ğŸ‡³å½¡ğ“ğˆğ†ğ„ğ‘*å½¡ğŸ•Šï¸âƒâ‰›âƒÉ“Î±âˆ‚ É“Ïƒáƒ§.Û—Û—Û—Û—Û—Û—Û—Û—Û—Û—Û—Û—Û—Û—Û—Û—Û—Û—Û—Û—Û—Û—Û—Û—Û—Û—Û—â£âƒŸâ‚â£,@frinds_clube,1
333,ClaireMarcelo,2030633867,Claire Marcelo,@frinds_clube,31634268763763
334,Mohitsingh2188,1878024764,â€¢â–á´¹á´¿á­„ğŸ…œğŸ…ğŸ…—ğŸ…˜ğŸ…£,@frinds_clube,2
335,Mahanteshmantri,1850133558,Mahantesh,@frinds_clube,1
336,Mr_Badshaha07,1603871292,âš”ï¸-{â™›ï»¿Badshahaâ™›}-âš”ï¸,@frinds_clube,31634268763763
337,MaheshBagdi7,1413871965,à¤®à¤¹à¥‡à¤¶ à¤¬à¤¾à¤—à¤¡à¤¼à¥€,@frinds_clube,31634268763763
338,Mr_Ganesh_King_Maker,1383651250,Mr.Ganesh_ â¤,@frinds_clube,1
339,Manojpatil11,402749787,Manoj Misal,@frinds_clube,1
340,mohini111,1873688717,ğŸ¦‹âƒŸâƒâƒŸğŸ‡·Î±É—É§Î±â¤ï¸ï®©Ù¨Ù€ï®©ï®©Ù¨Ù€â™¡ï®©Ù¨Ù€ï®©ï®©Ù¨Ù€,@frinds_clube,31634268763763
341,jaihindfauj,1265593625,MR JAIHIND,@frinds_clube,31634268763763
342,cina_12,150144664,M,@frinds_clube,31634268763763
343,Mahii_96k,1699254824,ê§à¼’â˜¬ Choclate boy â˜¬à¼’ê§‚,@frinds_clube,2
344,Marathiboy_jay,1472292204,â˜…ã€ğ—œğ—¡ğ——ğŸ‡®ğŸ‡³ã€â˜… âœ˜ ğ—ğ—”ğ—¬ â„¢Â âœ˜ âªâ¬â®â®â®,@frinds_clube,1
345,BEARDY_23,628835984,Mr.gwrv âœï¸,@frinds_clube,1
346,Amankhileri,622871610,â–á´¹á´¿Â°á­„ Î±ÊÎ±à¸—â°â°â·,@frinds_clube,2
347,Magare07,743403287,Magare,@frinds_clube,31634268763763
348,Manswie,1906139841,Masome,@frinds_clube,2
349,musical_indian,1918126231,india music,@frinds_clube,31634268763763
350,Msloooooooo,1439592690,Â°á­„âœ¿á´Éªá´›Êœá´œÉ´à¼’ Kumar,@frinds_clube,1
351,akshay_mh26,1775788675,Akshay,@frinds_clube,1
352,Mahi_bhutyal_07,1439787265,Mahi Bhutyal,@frinds_clube,31634268763763
353,Monika7555,364238342,Monika,@frinds_clube,1
354,mr_majnu5602,461981866,Mr. Majnu,@frinds_clube,1
355,MrShubham345,1387769085,SÊœá´œÊ™Êœá´€á´ Asá´¡á´€Ê€á´‡,@frinds_clube,2
356,Balmondeee,44383983,mahardika,@frinds_clube,31634268763763
357,alone_429,1558412931,mr.dipak_09,@frinds_clube,31634268763763
358,cute_baby_89,1677462303,â­Muskan Kaurâ­,@frinds_clube,1
359,Mabgesh12,1777986477,ğŸ¥°ğŸ˜á´á´€É´É¢á´‡êœ±Êœ]ğŸ¥°ğŸ˜,@frinds_clube,2
360,Anjal200,1056224599,"Anju,,,,,,,,,, Maurya",@frinds_clube,1
361,mali10kranti,1153488634,Kranti Mali,@frinds_clube,2
362,jbpatil123,1267734527,Mr Amol lothe,@frinds_clube,1
363,Mythoprincess2002,1334459025,Shreyasi (Megha),@frinds_clube,1
364,deletemassage_bot,302180549,delete massage,@frinds_clube,1
365,killr_girl,1273458896,âœ°ê§ğ™¢ğ™ğ™¨ğ™¨áâ°â™•ğŸ§¡ âƒÍ²á¹ŒÔ•Ñ– ğ™œğ™ğ™§Â ğ™¡âƒŸ ğŸ§¡ê§‚âœ°,@frinds_clube,1
366,Minipaglu,1915479949,ê§â˜ ï¸ï¸à¼’ï¸ğ”–ğ–ğ–ğ–›ğ–†ğ–’ ğ–•ğ–†ğ–™ğ–ğ–‘ à¼’ï¸â˜ ï¸ï¸ê§‚,@frinds_clube,1
367,love_girl_1432,1998251590,á¶«áµ’áµ›áµ‰Â°á­„â™¡GirLà¿Â°,@frinds_clube,1
368,EVERY_HAPPY_LIFE,1934757752,â£ ê§â˜¬â˜…ğŸ¤© HAPPY_LIFE ğŸ¤©à¼’â˜¬ê§‚,@frinds_clube,2
369,GranvilleL,2009259865,Granville Luigi,@frinds_clube,31634268763763
370,anieliox,2013453747,Annie Lennox,@frinds_clube,31634268763763
371,Kabaddilover96k,1964796605,ê§â˜ ï¸à¼†à¿KABADDI lOVERà¼†à¿â˜ ï¸ê§‚,@frinds_clube,31634268763763
372,Calli_33,2046364721,Callie Leblanc,@frinds_clube,31634268763763
373,Idk_L0L,1951138017,â€,@frinds_clube,2
374,Shubhu_Lavande,972192055,ğ‘ºğ’‰ğ’–ğ’ƒğ’‰ğ’‚ğ’ ğ‘³ğ’‚ğ’—ğ’‚ğ’ğ’…ğ’†,@frinds_clube,2
375,Sarthak_loveme,1895488549,Sarthak,@frinds_clube,1
376,land774,118903684,Ğ¨Ğ°Ğ³ĞµĞ½ Ğ“Ñ€Ğ¸Ğ³Ğ¾Ñ€ÑĞ½,@frinds_clube,31634268763763
377,army_love96k,1893544191,â™¡â˜…à¼† â˜†KILLER BOY â˜† à¿â™¡,@frinds_clube,31634268763763
378,kana_43,1497397857,âœ°ğŸ’œğ“´ğ“ªğ“·ğ“ªâœ¯ã‹›ï¸,@frinds_clube,2
379,Ketakee56,1950031905,KETAKEE,@frinds_clube,2
380,Kittu_kitty143,1404001775,â¤ï¸â€¢â€¢ğŸ†â€¢â€¢ ğŸ…ºğŸ…¸ğŸ†ƒğŸ†ƒğŸ†„ ğŸ…ºğŸ…¸ğŸ†ƒğŸ†ƒğŸ†ˆ â€¢â€¢ğŸ…°â€¢â€¢ğŸ˜,@frinds_clube,1
381,KNOX_43,1969521262,.Û—Û—Û—Û—Û—Û—Û—Û—Û—Û—Û—Û—Û—Û—Û—Û—Û—Û—ğŸ•ŠğŸ‡° ğŸ‡³ ğŸ‡´ ğŸ‡½ ğŸ’œğŸ–¤,@frinds_clube,31634268763763
382,kambojseerat,1095467702,â£â£Cuteà¿É¢ÉªÊ€ÊŸâ£â£,@frinds_clube,1
383,Cute_insider1609,1279214802,Komal Deshmukh,@frinds_clube,1
384,Kartikbro3,1941582012,Harsh,@frinds_clube,31634268763763
385,Arbaj000,1861707823,Arbaj Khan,@frinds_clube,31634268763763
386,Arbaj009,1284968551,Arbaj Khan,@frinds_clube,31634268763763
387,kattulasaisivaramakrishna,1240856921,saikrish,@frinds_clube,31634268763763
388,S_K_S143,709825704,Khalid Khalid Sediqi,@frinds_clube,2
389,Adi_khapke,1644506042,Aditya Khapke,@frinds_clube,31634268763763
390,sonu098765,1778701640,â–‘Aâ–‘kâ–‘aâ–‘sâ–‘hâ–‘ã…¤ .,@frinds_clube,1
391,Karma_beliverzz,1181210412,ğŸ…¥ğŸ…˜ğŸ…ŸğŸ…”ğŸ…¡4UğŸ˜,@frinds_clube,1
392,Jay9322,1519388167,Jay Kashide,@frinds_clube,31634268763763
393,Just4118,1549182449,Dr Deeapk,@frinds_clube,2
394,Asmita773,2044870185,Asmita Jason,@frinds_clube,31634268763763
395,JP_JUNED_138,1087812423,JP JUNED,@frinds_clube,2
396,jju6707,1260069823,Ajay Dhone,@frinds_clube,31634268763763
397,Baap_ji_9211,1642149912,ğŸ˜ˆğŸ‘¿â˜ àº¡à½¦Kà½¦à¹‘à½¡à½¦â™•â™‡à½›à½àº®à¹‘à½¦â˜ ğŸ˜ˆğŸ‘¿,@frinds_clube,31634268763763
398,Arjun_apparao_jadhav,1600576768,Arjun Jadhav,@frinds_clube,31634268763763
399,Dk1439,1827363022,Bhagwat Jadhav,@frinds_clube,31634268763763
400,Gaurava4991,1037162353,Gaurav Jadhav,@frinds_clube,1
401,Jagrutiii_28,1488933184,Jagruti,@frinds_clube,1
402,chikudarade,1816313398,ê§à¼ºJê™°Oê™°Kê™°Eê™°Rê™°à¼»ê§‚ 999,@frinds_clube,31634268763763
403,Shree2226,343909255,Shree Jadhav,@frinds_clube,31634268763763
404,Attitude_girl5,628454972,Jani,@frinds_clube,1
405,jon1424,1901354357,johnsom David,@frinds_clube,2
406,jaghari96k,1839342633,ğŸ‘‘âƒğŸ•Šï¸âƒâ‚ÍœÍ¡AttÃ­tudÑ” boyâ£âƒŸâ‚ÍœÍ¡à¿,@frinds_clube,2
407,sweet_jerry,1794109156,Sweet ğŸ˜˜ Jerry,@frinds_clube,2
408,Ishki143,2066263652,_Ishki_,@frinds_clube,2
409,Emmit36,1628823733,Emmit Ivanna,@frinds_clube,31634268763763
410,Insmile_28,1556246590,Insmile,@frinds_clube,1
411,ishwar_329,1277218068,Ishwar(ishuu)â¤ï¸ğŸ˜˜ğŸ˜‡,@frinds_clube,2
412,Its_gsp,1140443966,_its _ gsp_,@frinds_clube,2
413,Id_abhi_bhau_502,1357267575,id abhi à¤ªà¤¾à¤Ÿà¥€à¤²,@frinds_clube,31634268763763
414,Shivsagardhotre0312,1445274096,â™‚ it Â¢ã€$hiv$@gâˆ€Â®ã€‘ğŸ’Â°,@frinds_clube,2
415,ItsPatya_07,1499120848,ğŸ‘‘ğŸ…ŸğŸ…ğŸ…£ğŸ…¨ğŸ…ğŸ‘‘,@frinds_clube,31634268763763
416,finisher_725,1090737837,ê§à¼’â˜¬ Ã® Ã‚m Finisherê§à¼’â˜¬,@frinds_clube,31634268763763
417,Itz_anu_11,1390351620,Devil Girl,@frinds_clube,31634268763763
418,Himanshu133patil,1418885951,Himanshu,@frinds_clube,1
419,Akshay9421,1409659506,Happy boy,@frinds_clube,2
420,HEART_HACKER111,1504555804,ï¼¨ÎÎ›ï¼²ï¼´â–‘ï¼¨Î›ï¼£ï¼«Îï¼²,@frinds_clube,2
421,H123420,1470185789,Hi everyone,@frinds_clube,1
422,GroupHelpBot,162726413,Group Help,@frinds_clube,1
423,Heart_Hacker_96,1930664038,ğŸ’”à¼’.Û—Û—Û—Û—Û—Û—Û—Û—Û—Û—Û—Û—Û—Û—Û—Û—Û—ğŸ•Šï¸âƒğŸ‡®ğŸ‡³ğŸ’”âš¡ã€â˜ __ğ™ƒğ™€ğ˜¼ğ™ğ™â™¡ğ™ƒğ˜¼ğ˜¾ğ™†ğ™€ğ™__â˜ â¯âš¡ğŸ‡®ğŸ‡³__________à¼’ âªâ¬â®â®â®,@frinds_clube,1
424,HULK_43,1251856157,Abhi,@frinds_clube,31634268763763
425,Army_girl_Chaitu,1194717755,Army girl chaitali,@frinds_clube,31634268763763
426,gauravp8698,1689948988,Gaurav,@frinds_clube,2
427,cute_girl54,1814141827,â– â—ÅÃ˜VEÅÃ_Ä‚Å‡ÄEÅâ—â– ,@frinds_clube,2
428,golya_bhai,1761454628,_*goldya bhai*_,@frinds_clube,1
429,Cutie00005,1435793121,Cute girl â¤ï¸ğŸ’• ğŸ”¥,@frinds_clube,1
430,gAuRaV1438,1366980901,Chiku,@frinds_clube,1
431,AbjitGule,1703207029,Abjit Gule,@frinds_clube,1
432,Everythingalhamdulelah,621626464,Dream Girl ğŸ˜ğŸ¥°,@frinds_clube,2
433,gunjantayade,1140947776,Gunjan,@frinds_clube,1
434,GHSecurity2Bot,417753222,ğŸ›  Security ğŸ› ,@frinds_clube,1
435,fsimao,91756673,Felipe Simao,@frinds_clube,31634268763763
436,fransce,124134927,Elena Francse,@frinds_clube,31634268763763
437,figuranters1256,130896575,.,@frinds_clube,2
438,engsor500,172033806,A,@frinds_clube,31634268763763
439,DipakRahate,1539883255,dipak 491,@frinds_clube,1
440,dhruv6288,921123861,dhruv,@frinds_clube,1
441,Dustcat1,1155381013,DED,@frinds_clube,1
442,DannieBO,2003648028,Bo Dannie,@frinds_clube,2
443,Dpup91,1641743909,dhruvupadhyay ğŸ¥°ğŸ¥°ğŸ¥°,@frinds_clube,31634268763763
444,BALA3755,1617419038,DUGUU3755ğŸ–¤ğŸ–¤ğŸ–¤,@frinds_clube,1
445,Dipak9579,1460315007,à¼„á¶¦á¶°áµˆá­„â˜…DÃ©Ã¨pÃ£ká´®á´¼áµá­„âœà¿,@frinds_clube,2
446,Drawing_3,1947164223,Ayush,@frinds_clube,31634268763763
447,simple_dimple143,1588335349,simple_dimple,@frinds_clube,2
448,Ds7792,624130132,Danissh S,@frinds_clube,2
449,Dipika358,1429726896,.........Dimpi,@frinds_clube,31634268763763
450,cutegovinda,1988128621,â™¡â™¥Cute~â™¥~ Boyâ™¥â™¡,@frinds_clube,31634268763763
451,Already_Broken1,765952489,CHAITANYA,@frinds_clube,1
452,cute_boy_000,1073105233,à¼’ï¸â™•ï¸âœ°á´„á´œá´›á´‡ â™¡ï¸ Ê™á´Êâœ°â™•ï¸à¼’ï¸ â¤,@frinds_clube,31634268763763
453,chetan0304,1639038450,Chetan,@frinds_clube,1
454,combot,210944655,Combot,@frinds_clube,1
455,ChatFightBot,691070694,ChatFight,@frinds_clube,1
456,Chiudarling,1819324003,ğšŒğš‘ğš’ğšğšğš’ğŸ˜˜ğŸ‘‘,@frinds_clube,1
457,alone_boy321,1965675232,ê§à¼’â˜¬Badâ˜¬Boyâ˜¬à¼’ê§‚,@frinds_clube,1
458,bittu_45,1765012827,ğ’†œğ’ˆâ„¬â’¾ğŸ…£ğŸ…£ğŸ…¤ğ’ˆğ’†œ,@frinds_clube,1
459,Bhutya,1854852331,ğŸ’€à¤­à¥à¤¤à¥à¤¯à¤¾ğŸ’€ã…¤ã…¤ã…¤,@frinds_clube,1
460,abhibade4,1359141211,Abhi Bade,@frinds_clube,31634268763763
461,sarifband,1763712421,Boss,@frinds_clube,31634268763763
462,Ajjubhai9412million,1202242637,Amit Bhai,@frinds_clube,31634268763763
463,Bhanu1404,430357454,Bhawna,@frinds_clube,1
464,sugar_baby787,652447515,Alina,@frinds_clube,1
465,SangMata_BOT,300860929,SangMata,@frinds_clube,1
466,Ankita_121,370673370,Ankita bhatt,@frinds_clube,31634268763763
467,Akash_157,1893787276,Akash,@frinds_clube,1
468,adii_080,1102951361,ï¼¡ï½„ï½‰ğŸ‘‘ğŸ–¤,@frinds_clube,1
469,AADUJADHAV,1978838971,ê§à¼’â¤ï¸Î±âˆ‚à¹€Æ­áƒ§Î± ÏÎ±Æ­à¹€â„“â¤ï¸â–â„˜à¼’,@frinds_clube,1
470,Aniketk1524,1068873708,Aniket,@frinds_clube,31634268763763
471,alone_0097,1605574478,ê§à¼’â˜¬Aloneâ˜¬à¼’ê§‚,@frinds_clube,2
472,Aloneboyn123,1422044341,Æ“Î±uâ€ Î±ÊğŸ’”,@frinds_clube,2
473,Anonymousss080,2008736071,Anonymous,@frinds_clube,1
474,Aubrey7172,717027484,Aubrey,@frinds_clube,2
475,Aniketwaghh,502199950,â‚ğš—áµ¢ğ“´â‚‘ğš,@frinds_clube,1
476,Anusha78,724816713,Anu,@frinds_clube,1
477,Abhipa94kdkkkk,1768466624,abhi .....,@frinds_clube,31634268763763
478,Anjali_26_0,1611256905,à¤¶à¤¿à¤µà¤•à¤¨à¥à¤¯à¤¾ ğŸ™,@frinds_clube,1
479,Shlok2435,1647428265,â˜…á¶«áµ’áµ›áµ‰SĞ½ÊŸĞ¾Ğºâ˜…à¿,@frinds_clube,31634268763763
480,Sagarsonawane1234,1160889258,Saggy,@frinds_clube,31634268763763
481,SagarSonawane10,1247392247,Sagar Sonawane,@frinds_clube,1
482,Sagarsonawane17,1247241293,Sagar Sonawane,@frinds_clube,2
483,Sonu939,1102293870,Shiv9,@frinds_clube,1
484,Sinu143Sru,1470258265,Sinu,@frinds_clube,1
485,Sweetysona,1862282007,â€ŒÙ–Ù–Ù–Ù–Ù–Ù–ÙœÙ–Ù–Ù–Ù–Ù–Ù–ÙœÙ–Ù–Ù–Ù–Ù–Ù–ÙœÙ–Ù–Ù–Ù–Ù–Ù–ÙœÙ–Ù–Ù–Ù–Ù– á¶¦á¶°áµˆá­„âœ°Sweetyâœ°,@frinds_clube,1
486,Shankar_aglave,1052418916,shankar Aglave,@frinds_clube,31634268763763
487,Shree223,1510993949,Shreen,@frinds_clube,31634268763763
488,Sanket_00000,1376849044,sanket,@frinds_clube,1
489,Alcoholic,243987969,Stephen,@frinds_clube,31634268763763
490,Sneha_000,1922008967,SÎ®ehà¸ª,@frinds_clube,1
491,SharddhaS,1920494093,ï½“ï½ˆï½’ï½ï½„ï½„ï½ˆï½,@frinds_clube,1
492,sneha619,1395756851,Sneha <3,@frinds_clube,2
493,Sonal_3503,1484476882,Sonal,@frinds_clube,1
494,secretgiggle10,1631142314,Shruti Singh,@frinds_clube,1
495,Shinchu3103,1745914175,Shinchan,@frinds_clube,1
496,Spbrend,1595414747,S P,@frinds_clube,1
497,Pravin086,1367319149,Pravin,@frinds_clube,1
498,Patil118,1831510957,Akash patil,@frinds_clube,31634268763763
499,am1vp,5277420,â’¶7â“œâ“”â““,@frinds_clube,1
